Company Name,Region,Brand,Category
Tech Solutions,North America,Innovate,Electronics
Tech Solutions,Europe,Innovate,Electronics
Global Imports,Asia,Elite,Apparel
Global Imports,South America,Elite,Apparel
Data Systems,Africa,Pioneer,Software
Data Systems,Middle East,Pioneer,Software
Energy Innovators,North America,EcoPower,Energy
Energy Innovators,Oceania,EcoPower,Energy
InnoTech Enterprises,South America,InnoGear,Electronics
InnoTech Enterprises,Europe,InnoGear,Electronics
Pacific Ventures,Asia,Oceanic,Consumer Goods
Pacific Ventures,Middle East,Oceanic,Consumer Goods
MegaTech Solutions,Africa,MegaTech,Technology
MegaTech Solutions,North America,MegaTech,Technology
Nature's Best,Europe,GreenLife,Healthcare
Nature's Best,Oceania,GreenLife,Healthcare
Dynamic Dynamics,South America,DynamicGear,Electronics
Dynamic Dynamics,Asia,DynamicGear,Electronics
Alpha Innovations,Africa,AlphaTech,Technology
Alpha Innovations,Europe,AlphaTech,Technology
